{
  "results": [
    {
      "file": "dark_matter_density.f32",
      "baseline": {
        "compressed_size": 1664895,
        "ratio": 322.4653278434976,
        "max_error": 6.889459609985352,
        "mean_error": 0.7225884199142456,
        "psnr": 81.42214328050613,
        "ssim": 0.9999724514105992,
        "log_mag_mse": 0.18884566305658443,
        "phase_mse": 0.2386214347402893,
        "fft_psnr": 82.87077912976882,
        "within_bound": false,
        "compress_time": 1.586841344833374,
        "decompress_time": 0.5533583164215088
      },
      "neurlz": {
        "compressed_size": 1685731,
        "ratio": 318.4795866007091,
        "sz3_ratio": 322.4653278434976,
        "max_error": 13.387252807617188,
        "mean_error": 0.6756736040115356,
        "psnr": 83.12636267393827,
        "ssim": 0.9999771693167749,
        "log_mag_mse": 0.13315369176090855,
        "phase_mse": 0.16616825605771632,
        "fft_psnr": 83.54642824558688,
        "within_bound": false,
        "compress_time": 2579.9546706676483,
        "decompress_time": 2.948923110961914,
        "base_max_error": 6.889459609985352
      },
      "diff_psnr": 1.7042193934321404,
      "diff_ssim": 4.717906175732978e-06,
      "diff_mag": -0.05569197129567588,
      "diff_phase": -0.07245317868257298
    }
  ],
  "config": {
    "data_dir": "/Users/923714256/Data_compression/SDRBENCH-EXASKY-NYX-512x512x512",
    "sz_lib": "/Users/923714256/Data_compression/SZ3/build/lib64/libSZ3c.so",
    "test_files": [
      "dark_matter_density.f32"
    ],
    "eb_modes": [
      1
    ],
    "absolute_error_bounds": [
      1e-06
    ],
    "relative_error_bounds": [
      0.0005
    ],
    "pwr_error_bounds": [
      0.0
    ],
    "output_dir": "/Users/923714256/Data_compression/neural_compression/evaluation_results_correct",
    "device": "cuda",
    "online_epochs": 100,
    "learning_rate": 0.001,
    "model_channels": 2,
    "model": "tiny_frequency_residual_predictor_4_inputs",
    "num_res_blocks": 2,
    "spatial_dims": 3,
    "slice_order": "zxy",
    "val_split": 0.1,
    "track_losses": true,
    "evaluate_per_slice": true,
    "num_runs": 5
  }
}